Spending,Type of Expense,Month,Year,in HUF,in CAD,in EURO,Country
" 9,120.00 Ft ",Restaurant,February,2024,,,,Hungary
" 12,701.00 Ft ",Restaurant,February,2024,,,,Hungary
" 1,530.00 Ft ",Restaurant,February,2024,,,,Hungary
" 2,680.00 Ft ",Restaurant,February,2024,,,,Hungary
" 5,036.00 Ft ",Bar,February,2024,,,,Hungary
" 9,990.00 Ft ",Restaurant,February,2024,,,,Hungary
" 2,000.00 Ft ",Telephone,February,2024,,,,Hungary
" 2,158.00 Ft ",Grocery,February,2024,,,,Hungary
" 1,449.00 Ft ",Grocery,February,2024,,,,Hungary
" 2,697.00 Ft ",Grocery,February,2024,,,,Hungary
" 3,450.00 Ft ",Grocery,February,2024,,,,Hungary
" 4,347.00 Ft ",Restaurant,February,2024,,,,Hungary
 490.00 Ft ,Grocery,February,2024,,,,Hungary
" 15,108.00 Ft ",Restaurant,February,2024,,,,Hungary
€ 7.80,Restaurant,February,2024,,,,Slovakia
€ 1.09,Grocery,February,2024,,,,Slovakia
€ 6.00,Restaurant,February,2024,,,,Slovakia
€ 6.00,Restaurant,February,2024,,,,Slovakia
€ 12.30,Restaurant,February,2024,,,,Slovakia
€ 5.90,Bar,February,2024,,,,Slovakia
" 2,300.00 Ft ",Grocery,February,2024,,,,Hungary
 550.00 Ft ,Grocery,February,2024,,,,Hungary
" 5,229.00 Ft ",Grocery,February,2024,,,,Hungary
" 1,438.00 Ft ",Grocery,February,2024,,,,Hungary
" 2,974.00 Ft ",Grocery,February,2024,,,,Hungary
" 3,035.00 Ft ",Grocery,February,2024,,,,Hungary
" 4,600.00 Ft ",Grocery,February,2024,,,,Hungary
€ 12.35,Grocery,February,2024,,,,Spain
€ 8.00,Transport,February,2024,,,,Spain
€ 34.20,Transport,February,2024,,,,Spain
€ 5.50,Grocery,February,2024,,,,Spain
€ 25.80,Transport,February,2024,,,,Spain
" 2,000.00 Ft ",Telephone,February,2024,,,,Hungary
€ 8.90,Transport,February,2024,,,,Spain
€ 28.00,Transport,February,2024,,,,Spain
" 6,180.00 Ft ",Restaurant,February,2024,,,,Hungary
" 5,600.00 Ft ",Grocery,February,2024,,,,Hungary
" 25,989.00 Ft ",Grocery,February,2024,,,,Hungary
" 1,498.00 Ft ",Grocery,February,2024,,,,Hungary
 800.00 Ft ,Grocery,February,2024,,,,Hungary
" 3,000.00 Ft ",Grocery,February,2024,,,,Hungary
 120.00 Ft ,Transport,February,2024,,,,Hungary
 450.00 Ft ,Transport,February,2024,,,,Hungary
" 1,560.00 Ft ",Transport,February,2024,,,,Hungary
" 17,854.00 Ft ",Restaurant,February,2024,,,,Hungary
" 2,399.00 Ft ",Grocery,February,2024,,,,Hungary
" 6,919.00 Ft ",Grocery,February,2024,,,,Hungary
€ 12.80,Transport,March,2024,,,,Austria
€ 30.80,Restaurant,March,2024,,,,Austria
€ 54.00,Activity & Museums,March,2024,,,,Austria
€ 4.50,Activity & Museums,March,2024,,,,Austria
" 17,343.00 Ft ",Activity & Museums,March,2024,,,,Austria
€ 60.00,Restaurant,March,2024,,,,Austria
€ 3.99,Grocery,March,2024,,,,Austria
" 53,095.00 Ft ",Activity & Museums,March,2024,,,,Hungary
€ 17.30,Transport,March,2024,,,,Austria
" 7,436.00 Ft ",Restaurant,March,2024,,,,Hungary
" 4,400.00 Ft ",Transport,March,2024,,,,Hungary
" 2,080.00 Ft ",Grocery,March,2024,,,,Hungary
" 2,416.00 Ft ",Grocery,March,2024,,,,Hungary
" 13,588.00 Ft ",Grocery,March,2024,,,,Hungary
" 2,920.00 Ft ",Transport,March,2024,,,,Hungary
" 1,000.00 Ft ",Transport,March,2024,,,,Hungary
" 4,948.00 Ft ",Grocery,March,2024,,,,Hungary
" 3,490.00 Ft ",Restaurant,March,2024,,,,Hungary
" 1,200.00 Ft ",Restaurant,March,2024,,,,Hungary
 945.00 Ft ,Transport,March,2024,,,,Hungary
" 10,567.00 Ft ",Grocery,March,2024,,,,Hungary
 349.00 Ft ,Grocery,March,2024,,,,Hungary
" 2,437.00 Ft ",Grocery,March,2024,,,,Hungary
" 10,000.00 Ft ",Activity & Museums,March,2024,,,,Hungary
" 5,900.00 Ft ",Activity & Museums,March,2024,,,,Hungary
" 2,699.00 Ft ",Activity & Museums,March,2024,,,,Hungary
" 2,200.00 Ft ",Transport,March,2024,,,,Hungary
" 3,000.00 Ft ",Telephone,March,2024,,,,Hungary
€ 49.80,Grocery,March,2024,,,,Austria
€ 19.10,Grocery,March,2024,,,,Austria
€ 15.00,Transport,March,2024,,,,Austria
€ 12.10,Transport,March,2024,,,,Austria
" 2,347.00 Ft ",Grocery,March,2024,,,,Hungary
" 2,639.00 Ft ",Bar,March,2024,,,,Hungary
" 4,148.00 Ft ",Grocery,March,2024,,,,Hungary
" 3,790.00 Ft ",Restaurant,March,2024,,,,Hungary
 800.00 Ft ,Bar,March,2024,,,,Hungary
" 2,010.00 Ft ",Bar,March,2024,,,,Hungary
" 1,677.00 Ft ",Grocery,March,2024,,,,Hungary
 490.00 Ft ,Grocery,March,2024,,,,Hungary
" 10,500.00 Ft ",Bar,March,2024,,,,Hungary
" 5,700.00 Ft ",Bar,March,2024,,,,Hungary
" 7,766.00 Ft ",Restaurant,March,2024,,,,Hungary
" 35,990.00 Ft ",Transport,March,2024,,,,Malta
" 5,960.00 Ft ",Activity & Museums,March,2024,,,,Hungary
" 2,277.00 Ft ",Bar,March,2024,,,,Hungary
" 4,180.00 Ft ",Restaurant,March,2024,,,,Hungary
" 10,843.00 Ft ",Grocery,March,2024,,,,Hungary
" 1,698.00 Ft ",Grocery,March,2024,,,,Hungary
€ 9.40,Transport,March,2024,,,,Croatia
€ 15.18,Grocery,March,2024,,,,Croatia
€ 20.00,Activity & Museums,March,2024,,,,Croatia
€ 31.50,Restaurant,March,2024,,,,Croatia
€ 20.88,Grocery,March,2024,,,,Croatia
€ 25.00,Activity & Museums,March,2024,,,,Croatia
€ 24.00,Activity & Museums,March,2024,,,,Croatia
€ 15.50,Activity & Museums,March,2024,,,,Croatia
€ 7.96,Activity & Museums,March,2024,,,,Croatia
€ 9.45,Restaurant,March,2024,,,,Croatia
$594.00,Activity & Museums,April,2024,,,,Croatia
$147.00,Transport,April,2024,,,,Croatia
$85.44,Transport,April,2024,,,,Bulgaria
$134.56,Transport,April,2024,,,,Malta
$185.57,Hotel,April,2024,,,,Malta
€ 42.00,Restaurant,April,2024,,,,Croatia
" 8,976.00 Ft ",Restaurant,April,2024,,,,Hungary
" 2,200.00 Ft ",Transport,April,2024,,,,Hungary
" 4,330.00 Ft ",Transport,April,2024,,,,Hungary
€ 18.20,Transport,April,2024,,,,Malta
€ 7.50,Restaurant,April,2024,,,,Malta
€ 17.64,Grocery,April,2024,,,,Malta
€ 5.67,Grocery,April,2024,,,,Malta
€ 10.53,Grocery,April,2024,,,,Malta
€ 16.20,Transport,April,2024,,,,Malta
€ 6.65,Transport,April,2024,,,,Malta
€ 3.00,Restaurant,April,2024,,,,Malta
€ 16.80,Restaurant,April,2024,,,,Malta
€ 3.50,Transport,April,2024,,,,Malta
€ 21.75,Activity & Museums,April,2024,,,,Malta
€ 10.70,Transport,April,2024,,,,Malta
€ 15.10,Restaurant,April,2024,,,,Malta
€ 12.15,Transport,April,2024,,,,Malta
" 2,200.00 Ft ",Telephone,April,2024,,,,Malta
€ 9.95,Transport,April,2024,,,,Malta
€ 10.50,Transport,April,2024,,,,Malta
€ 10.00,Restaurant,April,2024,,,,Malta
€ 8.85,Transport,April,2024,,,,Malta
€ 8.00,Restaurant,April,2024,,,,Malta
" 18,538.00 Ft ",Grocery,April,2024,,,,Hungary
" 1,348.00 Ft ",Grocery,April,2024,,,,Hungary
" 4,169.00 Ft ",Restaurant,April,2024,,,,Hungary
" 6,428.00 Ft ",Restaurant,April,2024,,,,Hungary
 945.00 Ft ,Transport,April,2024,,,,Hungary
" 2,470.00 Ft ",Restaurant,April,2024,,,,Hungary
" 1,348.00 Ft ",Grocery,April,2024,,,,Hungary
" 4,180.00 Ft ",Restaurant,April,2024,,,,Hungary
" 1,890.00 Ft ",Transport,April,2024,,,,Hungary
" 2,040.00 Ft ",Grocery,April,2024,,,,Hungary
" 3,507.00 Ft ",Grocery,April,2024,,,,Hungary
" 2,500.00 Ft ",Grocery,April,2024,,,,Hungary
" 3,883.00 Ft ",Restaurant,April,2024,,,,Hungary
 628.00 Ft ,Grocery,April,2024,,,,Hungary
 800.00 Ft ,Grocery,April,2024,,,,Hungary
" 2,500.00 Ft ",Restaurant,April,2024,,,,Hungary
" 2,347.00 Ft ",Grocery,April,2024,,,,Hungary
 980.00 Ft ,Grocery,April,2024,,,,Hungary
" 4,068.00 Ft ",Restaurant,April,2024,,,,Hungary
" 2,850.00 Ft ",Grocery,April,2024,,,,Hungary
" 5,000.00 Ft ",Telephone,April,2024,,,,Hungary
" 4,084.00 Ft ",Grocery,April,2024,,,,Hungary
" 1,500.00 Ft ",Restaurant,April,2024,,,,Hungary
" 2,200.00 Ft ",Transport,April,2024,,,,Hungary
" 2,200.00 Ft ",Transport,April,2024,,,,Hungary
" 2,300.00 Ft ",Grocery,April,2024,,,,Hungary
" 1,500.00 Ft ",Bar,April,2024,,,,Hungary
 275.00 Ft ,Bar,April,2024,,,,Hungary
" 2,347.00 Ft ",Grocery,April,2024,,,,Hungary
" 6,160.00 Ft ",Restaurant,April,2024,,,,Hungary
" 1,538.00 Ft ",Grocery,April,2024,,,,Hungary
" 3,150.00 Ft ",Restaurant,April,2024,,,,Hungary
" 32,980.00 Ft ",Transport,April,2024,,,,Turkey
" 2,370.00 Ft ",Restaurant,April,2024,,,,Hungary
" 36,290.00 Ft ",Transport,April,2024,,,,France
" 1,526.00 Ft ",Grocery,April,2024,,,,Hungary
" 1,580.00 Ft ",Restaurant,April,2024,,,,Hungary
" 14,346.00 Ft ",Grocery,April,2024,,,,Hungary
" 5,000.00 Ft ",Bar,April,2024,,,,Hungary
" 2,090.00 Ft ",Restaurant,April,2024,,,,Hungary
" 1,445.00 Ft ",Grocery,April,2024,,,,Hungary
" 2,000.00 Ft ",Restaurant,April,2024,,,,Hungary
" 2,065.00 Ft ",Grocery,April,2024,,,,Hungary
" 2,566.00 Ft ",Grocery,April,2024,,,,Hungary
" 5,190.00 Ft ",Restaurant,April,2024,,,,Hungary
 699.00 Ft ,Grocery,April,2024,,,,Hungary
" 3,707.00 Ft ",Restaurant,April,2024,,,,Hungary
$136.80,Transport,May,2024,,,,Bulgaria
" 1,994.00 Ft ",Grocery,May,2024,,,,Hungary
" 2,600.00 Ft ",Activity & Museums,May,2024,,,,Hungary
" 7,308.00 Ft ",Restaurant,May,2024,,,,Hungary
" 14,365.00 Ft ",Grocery,May,2024,,,,Hungary
€ 129.98,Transport,May,2024,,,,France
" 6,298.00 Ft ",Restaurant,May,2024,,,,Hungary
" 3,236.00 Ft ",Restaurant,May,2024,,,,Hungary
" 2,582.00 Ft ",Grocery,May,2024,,,,Hungary
" 23,832.76 Ft ",Transport,May,2024,,,,Croatia
" 20,666.00 Ft ",Restaurant,May,2024,,,,Hungary
 900.00 Ft ,Transport,May,2024,,,,Hungary
 900.00 Ft ,Transport,May,2024,,,,Hungary
" 10,500.00 Ft ",Activity & Museums,May,2024,,,,Hungary
 800.00 Ft ,Restaurant,May,2024,,,,Hungary
" 1,768.00 Ft ",Grocery,May,2024,,,,Hungary
 998.00 Ft ,Grocery,May,2024,,,,Hungary
" 2,217.00 Ft ",Grocery,May,2024,,,,Hungary
" 1,245.00 Ft ",Grocery,May,2024,,,,Hungary
" 7,308.00 Ft ",Restaurant,May,2024,,,,Hungary
 950.00 Ft ,Grocery,May,2024,,,,Hungary
" 1,475.00 Ft ",Grocery,May,2024,,,,Hungary
" 16,738.00 Ft ",Grocery,May,2024,,,,Hungary
" 3,300.00 Ft ",Bar,May,2024,,,,Hungary
" 4,197.00 Ft ",Grocery,May,2024,,,,Hungary
€ 6.50,Transport,May,2024,,,,Croatia
€ 4.30,Transport,May,2024,,,,Croatia
€ 19.88,Activity & Museums,May,2024,,,,Croatia
€ 4.20,Transport,May,2024,,,,Croatia
 945.00 Ft ,Transport,May,2024,,,,Hungary
 200.00 Ft ,Grocery,May,2024,,,,Hungary
" 3,514.00 Ft ",Grocery,May,2024,,,,Hungary
" 5,304.00 Ft ",Grocery,May,2024,,,,Hungary
" 1,998.00 Ft ",Grocery,May,2024,,,,Hungary
" 3,100.00 Ft ",Restaurant,May,2024,,,,Hungary
 390.00 Ft ,Grocery,May,2024,,,,Hungary
 360.00 Ft ,Grocery,May,2024,,,,Hungary
" 3,600.00 Ft ",Restaurant,May,2024,,,,Hungary
" 1,580.00 Ft ",Restaurant,May,2024,,,,Hungary
 450.00 Ft ,Grocery,May,2024,,,,Hungary
" 2,300.00 Ft ",Grocery,May,2024,,,,Hungary
" 26,000.00 Ft ",Activity & Museums,May,2024,,,,Hungary
" 1,600.00 Ft ",Restaurant,May,2024,,,,Hungary
" 19,946.00 Ft ",Restaurant,May,2024,,,,Hungary
" 35,860.00 Ft ",Restaurant,May,2024,,,,Hungary
" 4,400.00 Ft ",Transport,May,2024,,,,Sweden
" 2,570.00 Ft ",Transport,May,2024,,,,Sweden
75.00 kr,Activity & Museums,May,2024,,,,Sweden
140.00 kr,Restaurant,May,2024,,,,Sweden
231.00 kr,Restaurant,May,2024,,,,Sweden
39.00 kr,Activity & Museums,May,2024,,,,Sweden
108.00 kr,Restaurant,May,2024,,,,Sweden
396.00 kr,Restaurant,May,2024,,,,Sweden
559.00 kr,Activity & Museums,May,2024,,,,Sweden
181.70 kr,Restaurant,May,2024,,,,Sweden
" 3,000.00 Ft ",Telephone,May,2024,,,,Sweden
320.00 kr,Activity & Museums,May,2024,,,,Sweden
" 4,400.00 Ft ",Transport,May,2024,,,,Sweden
178.00 kr,Grocery,May,2024,,,,Sweden
125.00 kr,Grocery,May,2024,,,,Sweden
 390.00 Ft ,Grocery,May,2024,,,,Hungary
" 29,585.00 Ft ",Restaurant,May,2024,,,,Hungary
" 2,589.00 Ft ",Restaurant,May,2024,,,,Hungary
 328.00 Ft ,Grocery,May,2024,,,,Hungary
" 4,800.00 Ft ",Restaurant,May,2024,,,,Hungary
€ 61.50,Activity & Museums,May,2024,,,,France
" 4,400.00 Ft ",Transport,May,2024,,,,Bulgaria
" 1,780.00 Ft ",Transport,May,2024,,,,Bulgaria
€ 1.60,Transport,May,2024,,,,Bulgaria
€ 8.68,Restaurant,May,2024,,,,Bulgaria
€ 0.80,Transport,May,2024,,,,Bulgaria
€ 6.75,Grocery,May,2024,,,,Bulgaria
" 2,200.00 Ft ",Transport,May,2024,,,,Bulgaria
" 2,057.00 Ft ",Grocery,May,2024,,,,Hungary
" 6,298.00 Ft ",Grocery,May,2024,,,,Hungary
 800.00 Ft ,Restaurant,May,2024,,,,Hungary
" 2,570.00 Ft ",Restaurant,May,2024,,,,Hungary
 490.00 Ft ,Grocery,May,2024,,,,Hungary
 490.00 Ft ,Grocery,May,2024,,,,Hungary
" 7,656.00 Ft ",Restaurant,May,2024,,,,Hungary
" 6,490.00 Ft ",Restaurant,May,2024,,,,Hungary
" 8,512.00 Ft ",Restaurant,May,2024,,,,Hungary
" 2,200.00 Ft ",Transport,May,2024,,,,France
 890.00 Ft ,Transport,May,2024,,,,Hungary
€ 44.45,Transport,May,2024,,,,France
" 5,000.00 Ft ",Telephone,May,2024,,,,France
" 5,000.00 Ft ",Telephone,May,2024,,,,France
€ 7.90,Grocery,May,2024,,,,France
€ 5.80,Restaurant,May,2024,,,,France
€ 10.30,Transport,May,2024,,,,France
€ 19.60,Restaurant,May,2024,,,,France
€ 5.72,Grocery,May,2024,,,,France
€ 109.50,Transport,June,2024,,,,Bulgaria
€ 22.10,Restaurant,June,2024,,,,France
€ 28.50,Activity & Museums,June,2024,,,,France
€ 10.00,Activity & Museums,June,2024,,,,France
€ 27.30,Grocery,June,2024,,,,France
€ 32.10,Transport,June,2024,,,,France
€ 26.00,Restaurant,June,2024,,,,France
€ 15.00,Activity & Museums,June,2024,,,,France
€ 19.00,Restaurant,June,2024,,,,France
€ 2.15,Transport,June,2024,,,,France
" 4,400.00 Ft ",Transport,June,2024,,,,France
€ 2.15,Transport,June,2024,,,,France
€ 27.90,Transport,June,2024,,,,France
" 7,518.00 Ft ",Restaurant,June,2024,,,,Hungary
" 10,275.00 Ft ",Grocery,June,2024,,,,Hungary
" 2,063.00 Ft ",Grocery,June,2024,,,,Hungary
"$1,140.63",Hotel,June,2024,,,,Hungary
 900.00 Ft ,Transport,June,2024,,,,Hungary
" 1,699.00 Ft ",Grocery,June,2024,,,,Hungary
 589.00 Ft ,Grocery,June,2024,,,,Hungary
" 8,800.00 Ft ",Activity & Museums,June,2024,,,,Hungary
" 1,600.00 Ft ",Restaurant,June,2024,,,,Hungary
" 7,928.00 Ft ",Bar,June,2024,,,,Hungary
" 6,570.00 Ft ",Restaurant,June,2024,,,,Hungary
" 2,379.00 Ft ",Grocery,June,2024,,,,Hungary
" 13,550.00 Ft ",Transport,June,2024,,,,Portugal
€ 137.19,Transport,June,2024,,,,Turkey
$107.94,Transport,June,2024,,,,Turkey
" 2,200.00 Ft ",Transport,June,2024,,,,Turkey
" 7,388.00 Ft ",Restaurant,June,2024,,,,Turkey
 ₺200.00 ,Transport,June,2024,,,,Turkey
 ₺475.00 ,Grocery,June,2024,,,,Turkey
 ₺169.90 ,Grocery,June,2024,,,,Turkey
 ₺800.00 ,Activity & Museums,June,2024,,,,Turkey
 ₺25.00 ,Transport,June,2024,,,,Turkey
 ₺70.00 ,Transport,June,2024,,,,Turkey
" ₺2,450.00 ",Restaurant,June,2024,,,,Turkey
 ₺128.15 ,Restaurant,June,2024,,,,Turkey
 ₺70.00 ,Restaurant,June,2024,,,,Turkey
" 28,400.00 Ft ",Transport,June,2024,,,,Turkey
 ₺330.00 ,Restaurant,June,2024,,,,Turkey
" ₺1,500.00 ",Activity & Museums,June,2024,,,,Turkey
 ₺180.00 ,Grocery,June,2024,,,,Turkey
 ₺131.90 ,Grocery,June,2024,,,,Turkey
 ₺175.00 ,Restaurant,June,2024,,,,Turkey
 ₺110.00 ,Grocery,June,2024,,,,Turkey
 ₺155.00 ,Restaurant,June,2024,,,,Turkey
 ₺78.25 ,Grocery,June,2024,,,,Turkey
 ₺150.00 ,Restaurant,June,2024,,,,Turkey
 ₺100.00 ,Restaurant,June,2024,,,,Turkey
" 2,200.00 Ft ",Transport,June,2024,,,,Turkey
 ₺345.00 ,Restaurant,June,2024,,,,Turkey
" 2,100.00 Ft ",Restaurant,June,2024,,,,Turkey
 945.00 Ft ,Transport,June,2024,,,,Turkey
" 1,057.00 Ft ",Grocery,June,2024,,,,Turkey
" 1,465.00 Ft ",Grocery,June,2024,,,,Turkey
" 2,200.00 Ft ",Transport,June,2024,,,,Portugal
" 3,180.00 Ft ",Transport,June,2024,,,,Portugal
€ 18.17,Transport,June,2024,,,,Portugal
€ 24.34,Grocery,June,2024,,,,Portugal
€ 7.47,Grocery,June,2024,,,,Portugal
€ 20.00,Activity & Museums,June,2024,,,,Portugal
€ 25.70,Activity & Museums,June,2024,,,,Portugal
€ 15.00,Activity & Museums,June,2024,,,,Portugal
€ 5.50,Restaurant,June,2024,,,,Portugal
€ 9.53,Grocery,June,2024,,,,Portugal
€ 15.35,Restaurant,June,2024,,,,Portugal
€ 7.80,Restaurant,June,2024,,,,Portugal
€ 5.42,Restaurant,June,2024,,,,Portugal
" 3,000.00 Ft ",Telephone,June,2024,,,,Portugal
" 2,200.00 Ft ",Transport,June,2024,,,,Portugal
€ 21.56,Transport,June,2024,,,,Portugal
€ 15.50,Restaurant,June,2024,,,,Portugal
" 15,235.00 Ft ",Restaurant,June,2024,,,,Portugal
